{
   "remoteData" : {
      "definitions" : {},
      "generatedAt" : 1654134949169,
      "theme" : {
         "accent" : {
            "c" : "#E8C4B8",
            "t" : "#363434"
         },
         "alpha" : {
            "c" : "#363434",
            "t" : "#E8C4B8"
         },
         "mod" : {
            "c" : "#363434",
            "t" : "#E8C4B8"
         }
      },
      "version" : "0.1.2"
   },
   "settings" : {
      "allowKeyboardKeyRemapping" : true,
      "disableFastRemap" : true,
      "disableHardwareAcceleration" : false,
      "showDesignTab" : true
   }
}
